{
  "publication_case": {
    "label": "canonical",
    "beam_radius_mm": 1.0,
    "length_to_mirror_um": 0.0
  },
  "selected_cases": [
    {
      "label": "small_radius",
      "beam_radius_mm": 0.1,
      "length_to_mirror_um": 0.0,
      "x_window_um": [
        -80013.24843335016,
        43880.33396398983
      ],
      "x_samples": 808,
      "full_summary": {
        "phase_variant": "full",
        "x_centroid_span_um": 113066.35959630381,
        "x_centroid_slope_um_per_rad_per_fs": -263128.45933919144,
        "x_prime_span": 0.1268294541433049,
        "x_prime_slope_per_rad_per_fs": -0.00032910117016781153,
        "pulse_front_tilt_fs_per_um": -0.0004904812904750113,
        "time_centroid_span_fs": 1843.4416794084132,
        "mean_mode_overlap_with_center": 0.07189376669821025,
        "center_frequency_x_um": 1.606527219610401e-13,
        "center_frequency_x_prime": 0.0
      }
    },
    {
      "label": "canonical",
      "beam_radius_mm": 1.0,
      "length_to_mirror_um": 0.0,
      "x_window_um": [
        -79502.57156162085,
        43369.65709226052
      ],
      "x_samples": 2449,
      "full_summary": {
        "phase_variant": "full",
        "x_centroid_span_um": 113066.35959219953,
        "x_centroid_slope_um_per_rad_per_fs": -263128.45933919144,
        "x_prime_span": 0.1268294541433049,
        "x_prime_slope_per_rad_per_fs": -0.00032910117016781153,
        "pulse_front_tilt_fs_per_um": 0.004149196476285604,
        "time_centroid_span_fs": 1777.6196051363595,
        "mean_mode_overlap_with_center": 0.22232328991681882,
        "center_frequency_x_um": -6.907375819493315e-15,
        "center_frequency_x_prime": 0.0
      }
    },
    {
      "label": "large_radius",
      "beam_radius_mm": 10.0,
      "length_to_mirror_um": 0.0,
      "x_window_um": [
        -123553.35710702628,
        87420.44263766595
      ],
      "x_samples": 526,
      "full_summary": {
        "phase_variant": "full",
        "x_centroid_span_um": 113066.35955370577,
        "x_centroid_slope_um_per_rad_per_fs": -263128.45933919144,
        "x_prime_span": 0.1268294541433049,
        "x_prime_slope_per_rad_per_fs": -0.00032910117016781153,
        "pulse_front_tilt_fs_per_um": 0.00012050706788353009,
        "time_centroid_span_fs": 952.4958155024058,
        "mean_mode_overlap_with_center": 0.9154830023787408,
        "center_frequency_x_um": -1.5986262829628386e-13,
        "center_frequency_x_prime": 0.0
      }
    },
    {
      "label": "mirror_leg",
      "beam_radius_mm": 1.0,
      "length_to_mirror_um": 100000.0,
      "x_window_um": [
        -79515.10640903487,
        43382.19193967456
      ],
      "x_samples": 2093,
      "full_summary": {
        "phase_variant": "full",
        "x_centroid_span_um": 113066.35959232275,
        "x_centroid_slope_um_per_rad_per_fs": -263128.4593391914,
        "x_prime_span": 0.1268294541433049,
        "x_prime_slope_per_rad_per_fs": -0.00032910117016781153,
        "pulse_front_tilt_fs_per_um": -0.00848149765475638,
        "time_centroid_span_fs": 1922.7056195846135,
        "mean_mode_overlap_with_center": 0.22232530252901334,
        "center_frequency_x_um": 1.6142616153621378e-13,
        "center_frequency_x_prime": 0.0
      }
    }
  ]
}