{
  "publication_case": {
    "label": "canonical",
    "beam_radius_mm": 1.0,
    "length_to_mirror_um": 0.0
  },
  "selected_cases": [
    {
      "label": "small_radius",
      "beam_radius_mm": 0.1,
      "length_to_mirror_um": 0.0,
      "x_window_um": [
        -59940.56872215207,
        32872.336221223704
      ],
      "x_samples": 798,
      "full_summary": {
        "phase_variant": "full",
        "x_centroid_span_um": 84701.34652939625,
        "x_centroid_slope_um_per_rad_per_fs": -197117.29373626702,
        "x_prime_span": 0.1268294541433049,
        "x_prime_slope_per_rad_per_fs": -0.00032910117016781153,
        "pulse_front_tilt_fs_per_um": -8.316015848761697e-05,
        "time_centroid_span_fs": 2005.469297860957,
        "mean_mode_overlap_with_center": 0.0707372656385357,
        "center_frequency_x_um": -8.315241611396774e-14,
        "center_frequency_x_prime": 0.0
      }
    },
    {
      "label": "canonical",
      "beam_radius_mm": 1.0,
      "length_to_mirror_um": 0.0,
      "x_window_um": [
        -60784.40667731215,
        33716.174176383785
      ],
      "x_samples": 2052,
      "full_summary": {
        "phase_variant": "full",
        "x_centroid_span_um": 84701.3465252287,
        "x_centroid_slope_um_per_rad_per_fs": -197117.29373626702,
        "x_prime_span": 0.1268294541433049,
        "x_prime_slope_per_rad_per_fs": -0.00032910117016781153,
        "pulse_front_tilt_fs_per_um": 0.008369749729607854,
        "time_centroid_span_fs": 1422.600680929881,
        "mean_mode_overlap_with_center": 0.2912050692349838,
        "center_frequency_x_um": 3.861470542022096e-14,
        "center_frequency_x_prime": 0.0
      }
    },
    {
      "label": "large_radius",
      "beam_radius_mm": 10.0,
      "length_to_mirror_um": 0.0,
      "x_window_um": [
        -104838.506267989,
        77770.27376706063
      ],
      "x_samples": 512,
      "full_summary": {
        "phase_variant": "full",
        "x_centroid_span_um": 84701.34648606023,
        "x_centroid_slope_um_per_rad_per_fs": -197117.2937362671,
        "x_prime_span": 0.1268294541433049,
        "x_prime_slope_per_rad_per_fs": -0.00032910117016781153,
        "pulse_front_tilt_fs_per_um": 0.005508890412586971,
        "time_centroid_span_fs": 239.1822714454275,
        "mean_mode_overlap_with_center": 0.9496455905157791,
        "center_frequency_x_um": -2.4840031298703693e-13,
        "center_frequency_x_prime": 0.0
      }
    },
    {
      "label": "mirror_leg",
      "beam_radius_mm": 1.0,
      "length_to_mirror_um": 100000.0,
      "x_window_um": [
        -60794.56056715889,
        33726.328066230526
      ],
      "x_samples": 1768,
      "full_summary": {
        "phase_variant": "full",
        "x_centroid_span_um": 84701.34652533782,
        "x_centroid_slope_um_per_rad_per_fs": -197117.29373626705,
        "x_prime_span": 0.1268294541433049,
        "x_prime_slope_per_rad_per_fs": -0.00032910117016781153,
        "pulse_front_tilt_fs_per_um": -0.010681555626704883,
        "time_centroid_span_fs": 1873.8559346528718,
        "mean_mode_overlap_with_center": 0.29120708133806134,
        "center_frequency_x_um": -1.0959389757200386e-13,
        "center_frequency_x_prime": 0.0
      }
    }
  ]
}